Region,Product_Category,Month,Marketing_Spend,Price,Quantity_Sold,Revenue,Cost,Profit,Customer_Satisfaction
East,Technology,11,40086.1,300.44,49,14721.6,9389.06,-34753.56,5.67
East,Furniture,5,48645.94,417.06,43,17933.54,9953.5,-40665.9,6.38
West,Furniture,6,5317.98,16.42,50,820.8,421.89,-4919.08,7.33
West,Office Supplies,4,31658.66,27.99,52,1455.63,756.22,-30959.25,5.85
West,Technology,12,30347.97,195.78,44,8614.37,5883.61,-27617.21,6.45
North,Furniture,8,38991.26,215.45,43,9264.44,4719.25,-34446.07,7.56
South,Furniture,12,47277.45,447.94,52,23292.86,12264.8,-36249.4,5.49
South,Office Supplies,5,31403.8,482.8,52,25105.67,14784.28,-21082.41,4.63
North,Technology,9,49409.91,387.26,43,16652.23,12399.89,-45157.57,8.55
North,Office Supplies,5,46683.54,327.28,49,16036.87,9802.47,-40449.13,8.4
South,Technology,3,31608.4,140.99,51,7190.35,5691.26,-30109.31,7.7
East,Office Supplies,7,6819.51,356.78,40,14271.13,7999.19,-547.58,8.1
West,Office Supplies,1,19146.02,256.74,61,15661.29,9758.78,-13243.51,5.82
West,Office Supplies,11,36265.32,440.83,53,23364.07,12421.47,-25322.72,8.12
West,Furniture,11,19595.53,65.43,47,3075.38,1788.76,-18308.91,4.98
South,Office Supplies,9,26817.35,347.76,45,15649.01,8614.58,-19782.92,5.47
West,Technology,4,21363.33,486.03,69,33536.22,21770.86,-9597.97,5.39
North,Office Supplies,1,48947.67,208.46,53,11048.56,7284.1,-45183.21,5.51
South,Furniture,7,35246.1,382.0,44,16808.08,10258.56,-28696.58,9.11
East,Office Supplies,1,11782.29,256.56,54,13854.15,8281.84,-6209.98,9.09
West,Office Supplies,10,28044.19,117.12,53,6207.12,4390.18,-26227.25,7.93
North,Office Supplies,12,38084.73,108.49,51,5533.01,3145.88,-35697.59,6.76
West,Furniture,9,28248.62,134.11,51,6839.63,3807.02,-25216.01,8.45
West,Office Supplies,4,44918.89,391.04,53,20725.03,11367.45,-35561.3,5.4
South,Furniture,3,21752.72,470.37,46,21636.84,13729.16,-13845.05,6.99
West,Office Supplies,3,34592.58,286.31,39,11166.2,6471.49,-29897.87,6.43
South,Furniture,6,49050.18,245.94,61,15002.18,9076.67,-43124.67,9.05
North,Technology,12,37510.35,143.98,47,6767.17,5268.21,-36011.39,8.76
North,Furniture,5,30753.16,490.26,37,18139.77,10108.81,-22722.2,6.83
South,Technology,10,47126.96,349.53,51,17826.27,12202.12,-41502.81,4.38
South,Office Supplies,2,16437.36,151.17,46,6953.77,3761.89,-13245.49,7.67
South,Office Supplies,10,41455.1,434.2,62,26920.45,17510.54,-32045.19,9.67
North,Technology,8,36588.51,398.92,60,23935.04,14664.4,-27317.87,7.25
South,Office Supplies,9,11976.87,491.01,44,21604.49,12767.82,-3140.19,5.72
East,Technology,1,42254.11,139.41,58,8086.0,5040.86,-39208.97,5.85
West,Technology,2,28233.52,164.86,57,9397.22,5936.14,-24772.44,7.63
East,Furniture,5,13295.02,45.03,48,2161.54,1118.51,-12251.98,6.83
West,Furniture,6,37156.82,331.8,55,18248.87,12473.4,-31381.34,8.25
East,Office Supplies,12,30471.67,83.53,40,3341.2,1762.62,-28893.09,6.58
South,Technology,12,5772.25,382.87,57,21823.33,13953.88,2097.2,6.09
North,Office Supplies,10,32713.25,319.37,33,10539.25,7248.46,-29422.46,8.74
North,Technology,4,32713.3,472.23,53,25028.0,17598.45,-25283.75,7.02
East,Technology,1,41504.19,411.22,53,21794.48,15156.87,-34866.58,6.0
West,Office Supplies,2,6753.34,311.04,46,14307.64,8808.06,-1253.76,5.7
South,Furniture,2,16731.25,250.54,54,13529.08,10566.14,-13768.31,6.86
North,Technology,4,12984.78,376.55,48,18074.61,13247.31,-8157.48,6.24
West,Office Supplies,5,15736.86,341.52,55,18783.77,11520.44,-8473.52,6.51
North,Furniture,11,9499.32,31.48,47,1479.34,1040.02,-9060.0,10.0
West,Office Supplies,10,33432.67,226.98,45,10214.12,7167.82,-30386.37,8.16
North,Office Supplies,5,27248.91,33.49,51,1708.07,1308.91,-26849.76,8.0
East,Office Supplies,2,48589.34,345.57,58,20043.34,11360.02,-39906.02,8.33
South,Technology,5,15495.26,292.75,52,15222.8,10845.55,-11118.01,6.65
East,Technology,12,30128.19,214.99,61,13114.38,8495.33,-25509.14,6.97
South,Technology,9,38489.52,342.11,44,15053.04,9683.84,-33120.32,6.57
North,Technology,6,24635.11,402.04,46,18494.03,14377.13,-20518.21,6.75
East,Technology,2,12479.69,112.32,54,6065.31,4373.88,-10788.26,7.43
East,Furniture,8,22753.48,57.84,46,2660.84,1846.76,-21939.41,4.97
West,Technology,9,16697.74,229.35,48,11009.0,6399.39,-12088.13,6.16
North,Furniture,3,42014.18,475.15,55,26133.3,16345.67,-32226.55,8.77
West,Office Supplies,1,21953.25,376.04,48,18049.98,12106.56,-16009.84,6.3
North,Furniture,9,23666.88,140.34,58,8139.52,5169.92,-20697.28,4.95
North,Furniture,12,17090.26,15.98,50,799.07,598.83,-16890.02,7.8
South,Technology,6,48558.82,48.76,57,2779.44,1790.0,-47569.38,9.1
South,Furniture,11,14583.39,72.5,52,3770.2,2379.91,-13193.1,6.42
East,Furniture,4,29635.08,228.2,61,13920.24,9146.72,-24861.56,8.45
South,Technology,10,39601.3,37.79,47,1775.98,1196.82,-39022.14,7.97
East,Office Supplies,9,25705.36,294.46,48,14134.04,7830.54,-19401.86,5.87
West,Office Supplies,11,35040.1,90.3,43,3882.83,2138.2,-33295.47,9.51
West,Furniture,6,8991.61,64.71,49,3171.02,1932.04,-7752.63,9.95
North,Furniture,9,26651.54,345.45,50,17272.67,10591.36,-19970.23,7.05
North,Furniture,4,41279.06,375.39,43,16141.71,9864.87,-35002.22,10.0
East,Furniture,8,37423.22,35.86,41,1470.22,1038.19,-36991.2,6.53
East,Furniture,11,28945.11,58.05,49,2844.46,1629.14,-27729.79,5.87
South,Office Supplies,9,42831.95,49.16,51,2506.96,1511.39,-41836.38,4.87
North,Furniture,3,34197.03,242.39,52,12604.44,8411.23,-30003.82,9.22
South,Technology,5,21338.7,324.73,51,16561.18,13181.95,-17959.47,9.98
North,Technology,1,5339.05,116.54,47,5477.37,4136.76,-3998.43,7.26
East,Office Supplies,6,48878.02,247.92,55,13635.64,9756.8,-44999.19,8.36
East,Furniture,3,42736.22,106.51,43,4580.08,3018.05,-41174.19,8.48
South,Technology,11,46940.65,163.72,52,8513.33,5416.86,-43844.18,8.15
North,Office Supplies,10,49548.21,164.57,57,9380.21,6607.9,-46775.9,7.79
West,Furniture,7,40743.03,57.82,58,3353.34,2087.64,-39477.33,9.16
North,Office Supplies,9,14225.08,192.72,63,12141.24,6245.8,-8329.64,7.87
North,Furniture,12,12364.52,86.31,57,4919.76,3231.89,-10676.64,7.75
West,Technology,10,22660.03,409.22,49,20051.62,12809.05,-15417.46,8.58
East,Technology,9,20991.31,198.78,51,10137.97,5765.54,-16618.88,5.73
East,Office Supplies,6,47292.45,315.72,46,14522.91,10720.92,-43490.46,7.95
East,Office Supplies,4,49896.17,377.44,54,20381.74,11066.03,-40580.46,10.0
West,Furniture,2,39310.64,439.0,47,20632.95,11001.27,-29678.96,8.93
North,Technology,4,37501.37,361.42,53,19155.16,12696.37,-31042.58,6.33
East,Office Supplies,5,42205.95,479.74,47,22547.88,14139.3,-33797.37,8.22
South,Technology,8,27764.99,307.67,63,19383.2,13742.6,-22124.39,4.75
West,Technology,8,34311.52,386.77,47,18178.05,9510.69,-25644.16,6.06
West,Furniture,7,46437.88,435.6,50,21779.93,13497.04,-38154.99,6.26
North,Technology,9,14251.09,394.96,52,20537.71,12822.75,-6536.13,4.67
East,Technology,11,6478.1,456.81,44,20099.68,11047.87,2573.71,2.82
North,Technology,1,40122.31,142.41,44,6265.85,4101.32,-37957.78,6.94
West,Furniture,6,8840.74,498.45,50,24922.64,12962.84,3119.07,7.64
East,Office Supplies,11,40990.19,177.95,49,8719.38,5347.75,-37618.56,7.45
North,Furniture,3,25398.0,264.57,49,12964.09,8658.61,-21092.52,8.75
East,Technology,8,43780.35,473.33,47,22246.38,15421.18,-36955.16,6.46
West,Furniture,7,34651.58,18.41,44,810.15,568.38,-34409.8,6.9
North,Furniture,9,40996.22,93.38,53,4949.12,2622.2,-38669.31,8.22
West,Furniture,11,48319.22,472.48,41,19371.8,11568.78,-40516.2,5.59
South,Office Supplies,10,8847.88,107.9,52,5610.99,4308.13,-7545.02,6.22
South,Office Supplies,2,21337.66,21.94,58,1272.69,931.8,-20996.78,8.57
North,Furniture,5,18250.96,474.48,56,26571.13,20208.41,-11888.25,8.46
West,Technology,2,6011.12,138.0,51,7037.76,4063.37,-3036.72,6.95
South,Furniture,11,23976.68,70.48,61,4299.08,3030.66,-22708.26,7.18
South,Technology,6,8022.89,205.6,50,10279.89,5468.63,-3211.63,8.97
South,Technology,11,45500.84,437.58,52,22753.93,15916.62,-38663.53,4.24
South,Furniture,2,12482.75,370.33,38,14072.41,8072.0,-6482.34,5.08
North,Office Supplies,8,24673.7,458.18,55,25199.86,19776.65,-19250.49,7.78
South,Technology,8,14672.32,20.44,45,919.6,473.99,-14226.7,6.82
South,Office Supplies,11,20040.98,386.6,40,15464.06,11110.26,-15687.17,9.96
South,Technology,7,8417.0,43.49,46,2000.72,1577.82,-7994.11,6.93
North,Furniture,9,25070.26,96.64,51,4928.68,3547.01,-23688.59,7.84
South,Furniture,8,16235.06,247.27,65,16072.25,11438.18,-11600.99,8.62
East,Technology,7,30011.3,239.24,46,11004.99,7915.97,-26922.27,6.71
East,Office Supplies,2,38527.9,32.17,49,1576.18,1092.86,-38044.59,6.77
South,Office Supplies,8,15350.4,64.68,37,2393.18,1440.61,-14397.82,6.61
East,Technology,4,40582.54,162.78,53,8627.47,5907.74,-37862.81,7.2
South,Furniture,7,25787.43,495.22,47,23275.29,12126.63,-14638.77,10.0
West,Office Supplies,9,39572.3,211.79,48,10166.14,5811.3,-35217.47,6.02
East,Technology,8,17925.75,151.67,44,6673.59,3372.58,-14624.74,6.95
North,Technology,8,10599.69,478.43,57,27270.27,18450.14,-1779.57,7.35
East,Office Supplies,8,26033.07,308.64,53,16357.85,10694.87,-20370.09,6.04
South,Technology,1,48077.16,413.97,57,23596.39,13329.54,-37810.31,6.2
North,Office Supplies,4,49770.85,91.08,48,4371.75,3098.72,-48497.83,7.52
South,Technology,8,38654.22,22.26,60,1335.5,851.02,-38169.74,6.44
West,Office Supplies,11,10828.17,444.93,57,25361.03,16871.61,-2338.75,6.73
East,Furniture,8,36307.14,29.15,40,1165.91,929.75,-36070.98,5.8
South,Technology,3,42110.64,177.17,54,9566.94,5549.86,-38093.57,7.36
West,Technology,11,44028.24,355.64,58,20627.1,14522.35,-37923.49,7.46
East,Office Supplies,6,13514.97,441.41,68,30015.91,22923.79,-6422.85,7.34
South,Furniture,12,5287.36,147.08,53,7795.45,5380.43,-2872.35,6.77
West,Technology,3,10780.19,145.25,58,8424.78,4666.06,-7021.47,8.16
West,Furniture,4,18543.36,355.55,37,13155.17,7942.63,-13330.82,8.02
South,Office Supplies,2,44219.16,486.88,41,19961.96,10128.22,-34385.42,9.35
South,Office Supplies,10,12152.22,236.93,65,15400.26,11646.64,-8398.61,6.9
East,Office Supplies,11,14934.63,45.78,54,2472.05,1438.68,-13901.26,7.98
West,Technology,11,48403.42,381.25,49,18681.08,11138.09,-40860.43,6.85
South,Office Supplies,2,14589.71,20.41,53,1081.8,821.42,-14329.33,7.76
South,Technology,1,9102.4,81.06,49,3971.98,2007.27,-7137.7,6.96
North,Technology,8,46438.15,310.24,57,17683.79,9464.23,-38218.59,7.56
West,Technology,6,15149.31,84.61,53,4484.26,3036.2,-13701.25,5.86
West,Office Supplies,1,5522.92,40.86,48,1961.34,1333.72,-4895.31,8.54
North,Furniture,9,6782.85,242.85,39,9471.19,7539.05,-4850.71,5.36
West,Office Supplies,6,32817.01,352.72,51,17988.73,10756.15,-25584.43,5.69
North,Furniture,1,42103.13,182.11,43,7830.8,5845.16,-40117.49,7.06
South,Office Supplies,12,9705.55,320.03,54,17281.78,13494.71,-5918.49,7.09
South,Furniture,12,41077.76,173.03,57,9862.59,7578.86,-38794.03,6.03
West,Furniture,10,40272.46,243.05,32,7777.52,4912.14,-37407.09,7.98
West,Technology,9,44230.26,113.51,43,4880.97,3405.02,-42754.32,9.35
East,Furniture,6,37364.08,118.09,53,6258.51,4406.42,-35511.99,6.61
South,Technology,10,38421.79,215.62,47,10134.1,8069.73,-36357.42,4.5
West,Furniture,1,28129.81,296.09,52,15396.62,11360.97,-24094.16,5.67
East,Technology,2,33420.21,367.89,41,15083.53,11655.19,-29991.87,4.96
East,Furniture,12,21778.19,258.74,48,12419.74,7838.71,-17197.16,6.7
South,Office Supplies,9,34817.96,52.15,53,2764.19,1713.0,-33766.78,5.73
East,Technology,5,19633.55,387.87,49,19005.59,9921.85,-10549.81,7.12
South,Furniture,9,24389.94,128.11,52,6661.91,3664.8,-21392.83,5.08
West,Technology,11,38138.09,333.58,49,16345.58,12123.53,-33916.04,8.55
West,Office Supplies,4,17138.73,33.26,51,1696.16,868.1,-16310.67,7.36
East,Office Supplies,6,13100.47,48.84,39,1904.57,1345.5,-12541.41,6.28
East,Office Supplies,2,19540.88,486.68,52,25307.54,16614.88,-10848.22,3.32
East,Furniture,4,10658.37,70.69,55,3888.16,2163.78,-8933.99,5.92
South,Technology,6,16488.79,332.51,56,18620.45,13754.05,-11622.4,7.73
West,Technology,1,14705.38,331.15,48,15895.12,8455.85,-7266.12,8.51
North,Technology,9,9909.93,327.0,49,16023.16,12231.56,-6118.33,6.62
East,Office Supplies,11,21905.25,151.95,53,8053.37,5549.27,-19401.16,8.76
East,Technology,9,31841.85,275.12,49,13480.64,9114.51,-27475.72,10.0
West,Furniture,10,39170.49,252.72,51,12888.74,9720.05,-36001.8,4.55
West,Office Supplies,11,39419.75,407.43,61,24853.1,19338.46,-33905.1,7.26
East,Technology,6,13755.12,87.33,52,4541.38,3183.64,-12397.38,7.09
West,Furniture,4,37293.61,202.95,50,10147.65,7690.14,-34836.1,8.15
East,Technology,7,18287.52,397.74,43,17102.67,10729.5,-11914.35,7.72
East,Office Supplies,7,33709.33,260.01,52,13520.61,9383.06,-29571.78,3.58
West,Furniture,9,42793.76,450.51,47,21174.04,15545.08,-37164.8,8.2
West,Office Supplies,10,41428.85,384.49,41,15764.29,8605.65,-34270.21,6.16
North,Office Supplies,12,43825.87,112.29,39,4379.16,3032.97,-42479.68,8.45
South,Technology,9,27354.51,493.95,41,20252.11,12582.55,-19684.95,10.0
South,Technology,7,37603.26,12.83,47,603.08,410.68,-37410.86,8.02
North,Furniture,4,8854.62,447.62,43,19247.85,10932.72,-539.49,6.59
North,Office Supplies,4,24908.45,416.77,54,22505.7,15575.08,-17977.83,7.95
East,Furniture,12,19595.02,169.84,53,9001.31,6473.7,-17067.41,4.67
South,Furniture,12,8994.53,481.02,53,25494.3,14051.02,2448.75,4.67
East,Technology,12,49155.64,240.07,47,11283.24,8939.14,-46811.54,4.27
South,Technology,4,46715.04,272.28,58,15792.17,10850.42,-41773.29,7.29
North,Technology,12,40191.26,355.83,45,16012.29,8427.15,-32606.13,6.54
East,Technology,9,27937.59,413.52,59,24397.48,17953.69,-21493.8,9.53
West,Furniture,12,46876.78,62.6,57,3568.28,2724.0,-46032.5,9.84
South,Furniture,6,11357.51,109.93,57,6266.09,3176.08,-8267.51,6.35
South,Furniture,10,42011.63,70.6,50,3529.99,2574.92,-41056.56,6.18
North,Office Supplies,3,22939.84,77.46,47,3640.39,1848.39,-21147.83,7.76
West,Technology,4,24778.03,57.3,53,3037.11,2083.08,-23824.0,7.08
West,Office Supplies,3,22390.74,284.4,43,12229.13,7892.44,-18054.05,7.97
East,Technology,7,15763.1,75.41,40,3016.54,1599.71,-14346.28,9.06
West,Technology,4,33493.53,118.3,44,5205.32,2873.99,-31162.2,8.43
South,Office Supplies,5,44897.19,227.64,43,9788.67,6110.47,-41218.99,7.64
South,Office Supplies,5,22418.54,482.09,44,21212.05,13269.71,-14476.21,7.58
East,Furniture,8,29088.96,111.52,68,7583.7,4041.51,-25546.77,9.05
West,Office Supplies,5,42996.07,53.55,50,2677.54,1599.57,-41918.1,6.74
North,Technology,4,43680.44,199.23,67,13348.74,7083.44,-37415.14,9.57
West,Technology,9,35966.06,221.61,45,9972.61,5101.27,-31094.72,6.87
East,Office Supplies,2,22385.7,227.81,44,10023.71,6366.92,-18728.91,8.38
North,Office Supplies,5,38184.52,258.55,54,13961.69,7336.0,-31558.83,6.45
West,Office Supplies,8,6600.69,256.75,48,12323.84,9827.98,-4104.82,7.28
West,Office Supplies,3,34761.68,96.67,42,4060.22,2834.4,-33535.86,5.83
South,Office Supplies,12,45450.54,392.33,53,20793.49,11990.03,-36647.07,8.32
West,Furniture,9,33975.69,267.5,57,15247.47,12106.36,-30834.58,9.18
East,Furniture,11,6968.1,59.85,52,3112.2,1907.15,-5763.05,9.7
South,Furniture,9,12365.77,140.53,63,8853.18,5744.07,-9256.66,5.18
East,Technology,12,46351.69,129.86,56,7272.12,5473.0,-44552.57,8.7
West,Furniture,7,13126.76,31.66,46,1456.35,845.85,-12516.25,9.59
South,Technology,5,37669.1,409.8,43,17621.56,13255.13,-33302.67,7.45
North,Furniture,11,39118.33,372.99,52,19395.73,10579.8,-30302.4,7.24
North,Technology,8,25770.09,9.62,44,423.24,337.55,-25684.4,5.72
West,Office Supplies,10,34590.21,158.91,55,8740.04,5982.5,-31832.67,5.52
North,Furniture,10,39244.58,22.48,55,1236.35,973.53,-38981.76,9.23
North,Office Supplies,3,42888.67,237.81,50,11890.4,7319.88,-38318.15,8.82
South,Office Supplies,10,22618.66,209.25,54,11299.38,7749.98,-19069.26,7.93
West,Technology,4,23104.72,437.76,50,21888.0,11627.81,-12844.53,8.1
West,Furniture,8,35441.06,403.47,45,18156.13,11791.98,-29076.91,5.51
South,Office Supplies,6,36293.7,374.23,58,21705.51,13284.62,-27872.81,7.54
North,Furniture,4,7814.4,401.68,56,22493.89,13267.64,1411.85,6.13
North,Technology,6,33627.98,393.9,40,15755.9,11847.5,-29719.58,8.8
West,Technology,9,30449.75,489.93,42,20576.86,13904.67,-23777.56,4.09
South,Technology,6,28313.54,152.87,64,9783.63,6152.89,-24682.81,7.77
South,Technology,4,11006.6,44.9,55,2469.38,1558.31,-10095.54,6.2
North,Furniture,9,12150.87,307.06,41,12589.52,8775.98,-8337.33,6.85
West,Office Supplies,3,17402.56,394.63,48,18942.13,10994.8,-9455.23,6.69
North,Technology,4,6512.61,36.01,61,2196.81,1449.3,-5765.09,4.36
East,Office Supplies,2,37960.19,276.42,41,11333.17,7004.29,-33631.31,5.46
South,Furniture,9,27251.65,489.88,41,20084.98,11194.51,-18361.18,5.1
North,Technology,9,5991.58,361.4,48,17347.39,12232.1,-876.29,5.39
North,Technology,8,10164.6,430.77,55,23692.3,16877.22,-3349.52,5.76
South,Furniture,1,24288.37,74.78,53,3963.08,2097.53,-22422.83,7.13
West,Office Supplies,7,29544.43,35.83,50,1791.26,1142.42,-28895.59,6.03
West,Furniture,4,39053.82,262.1,44,11532.22,9173.85,-36695.44,5.8
South,Technology,2,7934.21,234.65,61,14313.41,9294.32,-2915.12,7.45
North,Office Supplies,2,9203.36,223.33,43,9603.22,5072.53,-4672.66,5.87
West,Technology,4,17439.88,159.61,53,8459.48,6506.08,-15486.48,2.86
South,Furniture,7,32606.29,184.73,61,11268.83,7348.57,-28686.04,8.6
West,Technology,7,13290.12,447.52,53,23718.82,14992.6,-4563.89,5.9
West,Technology,12,38287.86,163.24,40,6529.4,3897.42,-35655.88,7.31
West,Furniture,10,24237.04,85.31,50,4265.28,3271.8,-23243.56,7.29
North,Technology,9,41857.86,272.69,54,14725.42,9444.15,-36576.59,6.47
East,Technology,5,16444.49,410.53,60,24631.88,14121.5,-5934.12,6.1
South,Technology,3,25265.79,375.67,53,19910.46,12060.01,-17415.35,9.46
North,Office Supplies,11,33536.4,67.5,54,3645.06,2573.04,-32464.38,6.4
West,Office Supplies,7,8468.51,173.49,59,10235.8,6224.53,-4457.24,7.79
North,Office Supplies,9,18677.59,328.32,56,18385.67,12860.69,-13152.61,7.61
East,Office Supplies,7,12608.65,197.93,47,9302.75,5716.39,-9022.28,6.64
South,Office Supplies,3,48956.01,59.81,48,2870.72,2072.58,-48157.87,6.67
West,Technology,3,48774.93,413.89,54,22350.02,17757.98,-44182.89,7.63
South,Office Supplies,9,18713.8,415.55,45,18699.77,9981.45,-9995.48,7.55
West,Technology,9,5558.18,237.04,46,10903.85,6424.23,-1078.57,9.76
East,Furniture,9,7166.43,451.93,59,26664.05,18077.33,1420.29,6.84
North,Furniture,12,31226.31,497.74,59,29366.75,15244.05,-17103.61,6.75
West,Technology,3,26976.86,370.1,50,18504.75,14074.08,-22546.18,5.32
East,Furniture,4,24952.1,305.51,53,16192.0,11509.11,-20269.22,6.84
West,Office Supplies,7,10926.2,120.92,45,5441.46,3492.7,-8977.45,8.36
South,Technology,12,32183.23,454.15,44,19982.74,12691.83,-24892.31,6.68
North,Technology,3,13824.4,307.34,45,13830.13,9058.34,-9052.61,6.54
North,Technology,1,14832.94,201.41,33,6646.68,4951.8,-13138.07,5.87
North,Technology,1,10122.73,175.89,50,8794.27,5699.25,-7027.71,6.4
North,Office Supplies,12,44701.64,337.12,45,15170.26,8935.56,-38466.94,6.02
South,Office Supplies,12,41953.92,5.77,53,306.06,176.68,-41824.55,7.22
South,Furniture,2,34938.14,401.18,53,21262.31,14434.91,-28110.74,6.08
West,Technology,1,23190.79,163.94,55,9016.43,6255.86,-20430.22,8.21
North,Furniture,2,11249.21,62.29,42,2616.18,1808.73,-10441.76,7.46
North,Furniture,6,42305.8,495.68,57,28253.49,18640.18,-32692.49,5.75
East,Furniture,5,10535.15,281.53,47,13231.82,9205.21,-6508.54,6.85
West,Technology,6,43332.86,204.93,38,7787.32,5906.86,-41452.4,4.89
West,Office Supplies,3,43590.31,458.73,49,22477.99,15164.99,-36277.31,7.7
South,Office Supplies,9,6233.91,199.52,50,9976.11,5483.75,-1741.56,6.39
North,Technology,4,20289.6,261.03,47,12268.57,7554.53,-15575.55,7.19
East,Furniture,11,19004.79,340.17,52,17689.09,10000.84,-11316.54,6.96
West,Technology,2,26851.54,18.63,48,894.27,455.44,-26412.71,7.42
West,Office Supplies,10,22794.54,160.04,41,6561.52,3536.75,-19769.77,6.38
West,Technology,3,44978.17,303.46,48,14565.92,8770.38,-39182.62,8.61
West,Technology,5,26504.53,268.47,42,11275.63,8474.37,-23703.27,8.59
North,Office Supplies,10,7594.14,174.51,51,8900.1,5999.92,-4693.96,6.3
West,Technology,3,11773.47,409.29,43,17599.67,12678.33,-6852.13,5.43
West,Furniture,3,14059.04,200.59,51,10230.25,8073.8,-11902.6,5.2
North,Furniture,11,20905.73,231.94,51,11828.98,8330.29,-17407.04,6.21
South,Technology,3,25820.4,490.59,50,24529.44,16597.09,-17888.06,6.94
South,Furniture,11,14145.04,382.09,48,18340.33,11878.99,-7683.7,8.58
South,Office Supplies,2,24955.51,303.05,52,15758.49,10131.84,-19328.86,7.33
East,Technology,8,43428.29,222.38,49,10896.58,7496.6,-40028.31,9.94
East,Office Supplies,6,28725.18,318.11,53,16859.79,10116.25,-21981.63,6.64
East,Furniture,9,40702.73,495.32,38,18822.17,9660.45,-31541.01,8.81
East,Technology,8,47169.1,411.85,54,22240.1,13782.86,-38711.86,4.84
South,Furniture,4,23319.79,37.67,47,1770.72,1314.71,-22863.78,7.05
West,Furniture,8,10081.92,421.83,44,18560.38,10088.66,-1610.2,7.91
South,Technology,8,18288.07,120.03,45,5401.36,4206.41,-17093.12,8.24
North,Office Supplies,5,42900.38,276.75,44,12176.79,6872.44,-37596.03,6.71
East,Technology,9,10531.43,444.89,50,22244.31,15031.8,-3318.92,6.03
West,Furniture,2,37127.87,412.15,57,23492.82,15412.49,-29047.54,7.28
North,Office Supplies,7,37429.48,203.72,42,8556.05,6392.51,-35265.94,5.55
North,Office Supplies,9,5006.06,258.01,34,8772.3,6246.7,-2480.45,8.4
East,Furniture,8,5171.9,127.18,55,6994.78,3711.2,-1888.32,4.98
East,Furniture,12,30731.41,454.06,65,29514.15,18097.91,-19315.16,5.77
West,Office Supplies,5,10221.02,25.93,51,1322.66,996.32,-9894.69,5.74
North,Technology,11,34987.34,483.19,54,26092.45,13870.99,-22765.89,7.62
East,Office Supplies,12,49975.98,56.88,50,2844.0,2160.72,-49292.7,5.51
West,Furniture,3,21641.6,30.92,56,1731.28,1292.67,-21202.98,6.91
East,Furniture,9,34580.91,238.78,60,14326.77,10076.65,-30330.78,4.67
West,Office Supplies,4,38236.89,161.24,53,8545.48,6101.15,-35792.55,8.23
South,Technology,4,8840.36,26.29,53,1393.29,1023.52,-8470.59,5.61
South,Furniture,5,45998.09,419.94,46,19317.3,11204.08,-37884.87,7.15
North,Office Supplies,9,48357.47,261.92,54,14143.73,10356.0,-44569.74,7.18
South,Office Supplies,6,5762.64,386.23,57,22015.01,12761.55,3490.82,9.32
West,Technology,9,39791.38,261.39,47,12285.35,6147.66,-33653.7,8.48
East,Office Supplies,3,6061.77,449.79,56,25188.1,16054.86,3071.46,4.97
South,Office Supplies,4,45475.48,356.52,64,22817.09,14649.03,-37307.43,7.26
West,Furniture,8,47422.59,393.67,69,27163.15,16561.49,-36820.93,6.34
East,Furniture,12,32888.06,448.56,58,26016.32,15164.16,-22035.9,7.03
West,Office Supplies,12,33926.85,405.88,65,26382.25,18929.12,-26473.72,7.57
North,Office Supplies,9,36049.99,346.6,63,21835.66,12426.13,-26640.46,6.85
South,Office Supplies,2,15885.2,252.8,54,13651.13,7950.57,-10184.64,6.18
South,Furniture,2,29608.68,94.25,49,4618.37,3506.21,-28496.53,8.43
West,Technology,1,49153.66,397.61,59,23458.74,18489.9,-44184.82,6.93
West,Office Supplies,12,49766.87,357.3,45,16078.63,10902.41,-44590.65,7.28
South,Furniture,4,42322.62,367.4,47,17267.83,10681.22,-35736.01,6.01
West,Furniture,2,39078.96,85.03,49,4166.34,2392.32,-37304.94,9.09
East,Furniture,6,43484.31,303.52,58,17603.98,10792.92,-36673.26,8.76
West,Furniture,11,7072.55,405.0,42,17009.97,12629.61,-2692.19,5.73
North,Office Supplies,12,34809.53,63.66,45,2864.65,2222.56,-34167.45,5.77
East,Technology,9,39245.36,189.0,48,9072.16,7035.72,-37208.91,7.15
South,Technology,2,49659.9,196.23,51,10007.73,7547.64,-47199.82,7.88
North,Furniture,10,46320.76,55.39,50,2769.64,1417.17,-44968.28,6.39
North,Technology,11,30349.61,216.61,46,9964.22,5412.01,-25797.4,8.03
East,Office Supplies,7,47590.54,446.82,48,21447.18,13788.41,-39931.77,4.82
North,Technology,3,31721.11,21.24,53,1125.76,662.59,-31257.94,6.98
East,Technology,1,23423.54,406.38,58,23570.32,16689.8,-16543.02,8.02
East,Furniture,9,25848.21,27.47,48,1318.78,869.88,-25399.31,8.79
North,Technology,12,28512.96,32.04,46,1474.03,838.9,-27877.84,8.83
North,Technology,7,32433.4,448.54,57,25566.79,14865.34,-21731.94,8.23
North,Furniture,11,49979.48,205.85,44,9057.26,6002.62,-46924.84,6.47
East,Office Supplies,10,36919.44,87.82,56,4918.15,3864.02,-35865.31,5.44
South,Furniture,9,21276.96,474.86,53,25167.49,16812.57,-12922.05,8.07
East,Technology,9,25196.61,83.72,42,3516.13,2605.65,-24286.13,8.44
East,Office Supplies,10,37804.15,431.54,45,19419.16,10847.01,-29231.99,5.05
West,Technology,3,10349.35,383.54,54,20710.94,13768.49,-3406.89,5.17
North,Office Supplies,10,12336.59,394.17,55,21679.45,11003.58,-1660.72,4.72
East,Technology,3,36778.69,269.47,51,13743.16,8144.89,-31180.42,6.46
West,Furniture,8,13066.5,401.0,51,20451.09,11033.66,-3649.07,5.32
West,Furniture,3,27568.2,40.09,46,1844.2,1392.75,-27116.74,5.48
East,Office Supplies,3,5547.05,338.64,45,15238.79,9233.0,458.74,4.72
North,Furniture,5,8075.89,392.96,45,17683.25,12477.89,-2870.53,8.67
North,Office Supplies,2,14243.06,193.81,55,10659.73,7827.43,-11410.76,7.71
West,Technology,8,17434.36,218.85,50,10942.47,8657.71,-15149.6,9.0
North,Furniture,9,38204.82,353.75,48,16980.21,10515.57,-31740.18,5.76
North,Office Supplies,2,17935.77,330.09,37,12213.49,9592.8,-15315.09,6.01
East,Technology,6,36310.89,231.72,39,9037.12,6258.11,-33531.88,5.64
East,Furniture,9,36798.34,306.95,46,14119.87,9591.63,-32270.11,9.18
North,Technology,3,9765.76,81.64,65,5306.61,4059.02,-8518.17,7.59
South,Furniture,9,7272.0,315.61,48,15149.08,10037.74,-2160.66,5.01
East,Technology,10,22956.59,420.7,43,18090.18,14347.36,-19213.77,5.7
East,Technology,9,24530.94,133.06,49,6520.05,3277.74,-21288.63,6.79
West,Technology,11,33695.97,124.8,55,6864.05,3842.37,-30674.29,7.54
East,Office Supplies,1,14648.29,139.05,44,6118.16,3901.44,-12431.57,7.85
East,Furniture,10,31869.31,299.43,47,14073.1,10772.8,-28569.02,6.8
East,Technology,8,14012.69,310.31,55,17066.93,11203.33,-8149.08,3.39
East,Furniture,10,24237.3,107.08,57,6103.42,4635.9,-22769.78,8.5
East,Furniture,10,27474.43,269.84,41,11063.34,6923.63,-23334.71,6.64
East,Furniture,11,31948.04,104.54,52,5436.28,3483.88,-29995.64,8.47
South,Furniture,9,16710.65,83.95,42,3525.84,1959.29,-15144.09,5.49
North,Furniture,7,37425.45,414.11,49,20291.47,10194.22,-27328.2,6.84
South,Office Supplies,9,21059.87,180.13,46,8285.78,6511.33,-19285.42,8.17
West,Furniture,10,21808.41,139.39,44,6133.24,4729.14,-20404.31,7.46
North,Furniture,7,42705.88,430.09,55,23654.86,16160.15,-35211.17,3.77
North,Office Supplies,5,23499.21,362.35,48,17393.04,10938.18,-17044.35,7.93
North,Furniture,12,28172.0,84.87,38,3225.23,1772.99,-26719.76,7.62
South,Office Supplies,10,20942.21,57.15,44,2514.42,1715.66,-20143.44,4.93
East,Furniture,12,30736.05,493.19,48,23673.22,18025.75,-25088.58,6.15
East,Furniture,8,36596.57,89.99,50,4499.42,3424.77,-35521.92,7.82
North,Technology,5,10274.18,171.92,41,7048.61,3960.44,-7186.01,10.0
North,Furniture,1,35550.4,387.63,52,20156.68,14149.46,-29543.18,8.41
East,Furniture,12,44670.36,367.0,54,19818.09,12674.0,-37526.26,6.66
South,Technology,3,10732.39,146.33,51,7462.67,5568.49,-8838.21,6.38
East,Technology,9,41159.19,451.38,43,19409.26,14813.25,-36563.18,3.21
West,Office Supplies,9,38438.67,424.72,49,20811.49,16581.87,-34209.05,6.9
East,Furniture,8,8092.12,187.94,49,9209.02,6418.86,-5301.96,6.14
East,Office Supplies,11,42411.55,421.95,47,19831.7,10483.27,-33063.11,4.51
South,Technology,7,35486.3,380.46,55,20925.21,14621.39,-29182.48,9.73
East,Furniture,10,45870.28,380.56,52,19789.33,15173.24,-41254.19,9.8
South,Furniture,11,17192.42,105.12,46,4835.33,2729.42,-15086.51,8.66
South,Furniture,12,37595.5,374.15,51,19081.54,10305.85,-28819.8,4.27
South,Technology,6,28996.31,320.2,55,17610.84,11598.8,-22984.28,3.89
West,Technology,10,17530.59,329.08,58,19086.7,13991.26,-12435.15,6.77
East,Furniture,8,8977.32,350.98,47,16496.04,8402.17,-883.45,8.96
East,Furniture,6,23685.84,444.79,58,25797.8,19540.19,-17428.23,6.47
South,Office Supplies,8,19638.08,450.98,58,26156.59,17603.66,-11085.15,9.13
West,Furniture,11,49950.17,166.69,55,9167.75,6943.72,-47726.13,6.85
North,Office Supplies,4,45126.99,425.34,48,20416.49,10699.6,-35410.1,6.24
North,Office Supplies,6,5647.17,383.35,53,20317.81,10396.25,4274.4,7.58
East,Office Supplies,5,43899.5,295.53,56,16549.88,11787.14,-39136.76,8.64
East,Technology,4,30626.8,434.86,47,20438.58,14011.83,-24200.06,6.23
North,Furniture,4,43747.04,233.28,64,14929.77,11716.29,-40533.56,10.0
North,Furniture,11,35488.92,189.7,64,12140.52,7892.65,-31241.05,8.67
North,Furniture,10,29960.95,375.16,57,21384.02,12001.78,-20578.71,8.62
South,Furniture,2,35049.23,419.5,42,17618.86,12927.5,-30357.87,9.33
West,Furniture,4,48241.41,270.29,50,13514.39,7380.31,-42107.32,8.28
North,Technology,6,33915.99,43.89,55,2413.74,1637.06,-33139.31,6.43
South,Furniture,1,32308.11,441.08,60,26464.9,14909.52,-20752.73,7.27
North,Office Supplies,8,13849.41,370.03,45,16651.17,13307.14,-10505.38,7.43
West,Office Supplies,5,7807.73,170.96,57,9744.9,7614.56,-5677.4,7.11
East,Furniture,11,40523.42,211.03,42,8863.17,4578.42,-36238.67,8.85
North,Furniture,9,48549.27,222.67,45,10020.22,5990.85,-44519.9,3.19
West,Technology,8,10835.55,131.95,47,6201.61,3217.21,-7851.15,7.89
East,Furniture,6,43909.65,81.69,38,3104.15,1833.7,-42639.21,6.16
West,Furniture,5,26532.33,391.38,46,18003.26,9018.59,-17547.66,7.17
North,Office Supplies,10,42007.15,33.2,48,1593.81,1143.56,-41556.9,6.85
West,Furniture,3,49629.78,333.78,43,14352.53,7720.33,-42997.57,9.28
West,Furniture,11,28524.21,238.08,53,12618.21,8909.86,-24815.86,7.54
West,Office Supplies,9,43690.76,206.37,46,9492.95,6917.83,-41115.65,6.63
North,Technology,5,27956.68,369.44,50,18471.94,11467.98,-20952.72,6.55
West,Office Supplies,8,21747.8,332.53,41,13633.54,7574.54,-15688.8,5.64
North,Furniture,2,45643.59,303.91,52,15803.12,9661.25,-39501.71,5.93
South,Furniture,3,47250.27,447.52,46,20586.04,13833.14,-40497.37,10.0
East,Furniture,4,5029.4,435.98,57,24850.93,18018.9,1802.62,10.0
South,Technology,1,20804.87,51.42,50,2570.97,1316.38,-19550.29,5.6
South,Office Supplies,11,31547.65,8.19,56,458.38,313.8,-31403.07,6.0
South,Furniture,1,36683.75,467.91,47,21991.78,14134.26,-28826.22,8.7
West,Office Supplies,1,27976.13,309.49,61,18878.82,12278.46,-21375.77,8.13
East,Furniture,1,43384.19,464.55,56,26014.79,15629.74,-32999.14,9.3
North,Technology,8,17647.24,90.88,47,4271.39,2638.13,-16013.98,6.71
East,Office Supplies,11,34318.21,109.34,51,5576.18,4185.03,-32927.06,6.7
South,Technology,3,28613.1,388.75,44,17104.82,8706.88,-20215.17,7.95
East,Furniture,8,46994.23,136.42,52,7093.88,4222.74,-44123.09,7.5
South,Technology,11,20289.66,230.53,54,12448.7,7519.83,-15360.79,7.8
West,Furniture,3,19034.57,173.29,38,6584.87,3808.13,-16257.83,8.49
East,Furniture,4,13932.1,86.62,44,3811.19,2217.67,-12338.58,6.3
East,Furniture,9,46095.47,98.75,61,6023.73,3505.28,-43577.02,6.17
East,Furniture,11,7502.25,8.4,43,361.4,225.28,-7366.13,5.69
South,Office Supplies,2,45300.33,455.04,46,20931.92,12171.7,-36540.11,6.25
South,Technology,9,43841.1,412.13,42,17309.66,9262.0,-35793.44,6.26
North,Office Supplies,10,18497.39,300.06,49,14702.97,7865.72,-11660.14,8.37
West,Office Supplies,7,34639.76,466.12,57,26568.82,18521.37,-26592.31,7.16
East,Furniture,10,19705.76,10.35,39,403.71,258.05,-19560.1,9.27
West,Office Supplies,11,28953.13,56.12,42,2356.88,1387.98,-27984.24,7.9
North,Technology,6,24059.66,397.82,44,17503.97,9359.55,-15915.24,7.03
South,Technology,1,16378.62,290.93,47,13673.6,10203.36,-12908.38,6.3
South,Office Supplies,8,12123.68,30.63,51,1562.33,1172.34,-11733.68,8.05
East,Furniture,8,41378.26,412.69,48,19809.3,11707.01,-33275.97,6.64
East,Furniture,5,47018.72,343.51,51,17519.21,11259.22,-40758.74,5.28
West,Furniture,2,19944.94,464.41,58,26935.8,15400.35,-8409.49,6.53
East,Office Supplies,11,6981.82,348.2,53,18454.65,12999.56,-1526.73,6.04
East,Office Supplies,2,9764.34,180.67,48,8672.37,6048.53,-7140.5,4.21
West,Office Supplies,4,30034.76,19.43,61,1185.34,670.93,-29520.35,9.78
East,Furniture,8,27609.23,367.09,67,24594.75,18836.0,-21850.48,7.24
West,Office Supplies,7,33593.65,316.76,48,15204.54,10025.69,-28414.8,5.9
West,Furniture,11,45211.76,330.74,44,14552.44,10629.66,-41288.98,9.73
South,Furniture,2,16227.64,276.0,45,12419.93,7011.81,-10819.52,7.23
South,Office Supplies,11,49025.97,483.04,48,23186.15,13998.45,-39838.26,8.49
South,Furniture,3,47604.03,203.11,56,11373.88,9066.12,-45296.27,7.11
East,Furniture,1,24394.28,155.72,43,6696.12,5130.14,-22828.29,6.5
North,Office Supplies,4,29590.63,211.51,42,8883.45,5556.1,-26263.28,7.58
North,Furniture,10,20324.52,403.46,35,14121.0,8482.3,-14685.82,7.38
South,Office Supplies,11,6066.85,418.3,74,30954.12,17626.59,7260.68,6.11
East,Technology,3,22680.28,19.18,52,997.51,734.38,-22417.15,6.84
East,Office Supplies,10,31475.85,201.85,45,9083.42,5281.53,-27673.96,6.64
South,Office Supplies,8,9193.83,208.2,42,8744.21,5205.13,-5654.75,8.17
West,Technology,8,46867.93,52.2,49,2557.98,1947.15,-46257.1,2.64
East,Office Supplies,4,36221.25,278.62,44,12259.16,7219.64,-31181.72,6.44
East,Technology,4,38025.74,176.55,48,8474.24,4672.6,-34224.1,7.47
East,Office Supplies,2,13704.59,322.54,45,14514.51,11157.41,-10347.49,8.82
West,Technology,7,10001.17,325.81,59,19222.91,10425.2,-1203.47,5.57
North,Office Supplies,11,21221.35,337.28,45,15177.56,12108.27,-18152.06,7.17
South,Office Supplies,7,10277.61,88.69,47,4168.22,2718.2,-8827.59,6.45
South,Furniture,2,19862.81,284.29,58,16489.1,12866.93,-16240.65,9.25
East,Technology,11,30028.58,390.86,43,16807.01,9679.29,-22900.86,8.35
West,Office Supplies,10,45030.95,472.24,56,26445.69,13233.53,-31818.78,7.68
West,Furniture,12,39586.16,117.0,54,6318.26,4344.43,-37612.33,5.79
North,Furniture,6,10490.33,352.18,43,15143.94,9440.92,-4787.31,8.06
North,Furniture,9,33022.95,404.34,58,23452.01,17195.87,-26766.82,8.79
South,Office Supplies,2,34872.1,482.82,52,25106.89,16321.58,-26086.79,8.38
South,Furniture,5,32041.04,173.77,62,10774.02,5850.12,-27117.15,5.5
South,Office Supplies,4,32246.66,157.4,58,9129.42,6156.5,-29273.74,8.55
East,Technology,11,8675.03,462.52,46,21276.02,13461.55,-860.56,7.13
North,Technology,7,30046.03,174.65,41,7160.72,5366.64,-28251.95,6.68
East,Furniture,5,9654.54,204.0,55,11220.19,6008.03,-4442.37,5.05
South,Furniture,7,41687.43,447.73,51,22834.24,14047.92,-32901.11,5.86
South,Technology,5,22492.69,123.95,39,4833.97,2557.14,-20215.85,9.13
South,Office Supplies,4,31222.15,407.17,46,18730.03,11627.81,-24119.93,3.27
North,Furniture,8,19185.77,70.94,53,3759.76,2532.38,-17958.39,8.65
North,Office Supplies,4,24167.2,497.37,39,19397.38,13619.1,-18388.92,8.59
North,Furniture,12,24936.52,310.47,58,18007.11,9681.79,-16611.2,10.0
West,Technology,4,34335.54,417.05,36,15013.67,8838.54,-28160.41,6.04
East,Furniture,2,27415.85,346.21,44,15233.18,10420.89,-22603.55,9.38
West,Office Supplies,11,45848.09,498.3,54,26908.2,16176.96,-35116.86,7.86
East,Technology,5,5942.04,161.31,54,8710.62,6120.94,-3352.36,9.14
South,Furniture,11,21651.1,277.48,57,15816.56,10659.09,-16493.63,6.13
North,Furniture,9,7791.65,172.96,50,8647.81,6031.24,-5175.09,5.27
East,Furniture,8,49361.24,5.09,52,264.8,168.74,-49265.18,4.47
South,Furniture,7,23673.22,366.59,41,15030.34,8329.15,-16972.02,7.27
South,Furniture,11,20213.8,67.78,48,3253.34,2343.41,-19303.87,4.44
East,Furniture,10,14671.24,25.77,47,1211.29,647.97,-14107.92,5.72
West,Office Supplies,11,30463.28,454.47,48,21814.52,11846.18,-20494.93,5.46
East,Office Supplies,11,21719.59,309.13,50,15456.4,9907.16,-16170.35,4.85
South,Office Supplies,2,33354.19,415.18,56,23250.26,18187.84,-28291.77,7.02
North,Office Supplies,10,49448.73,166.21,48,7978.27,5907.95,-47378.41,3.26
South,Technology,9,45277.94,78.82,56,4414.18,2659.78,-43523.54,5.53
South,Technology,12,41647.41,143.77,41,5894.39,4085.92,-39838.93,6.17
East,Office Supplies,11,25669.91,377.3,61,23015.53,12867.21,-15521.6,6.78
East,Office Supplies,2,16901.23,254.26,37,9407.46,7343.59,-14837.36,3.35
North,Office Supplies,11,48107.56,272.85,52,14188.27,9757.21,-43676.5,4.73
North,Furniture,6,7681.42,304.16,56,17032.84,9675.19,-323.77,6.11
North,Office Supplies,3,13300.66,105.14,48,5046.5,3125.49,-11379.65,7.35
North,Technology,3,44760.41,138.96,43,5975.15,3000.72,-41785.99,7.07
West,Technology,3,44511.51,281.15,68,19118.03,10121.13,-35514.61,6.36
South,Furniture,9,45624.37,264.83,49,12976.45,8782.0,-41429.92,3.9
South,Technology,1,40841.8,379.6,54,20498.14,10612.54,-30956.19,4.08
South,Office Supplies,5,47704.13,75.57,47,3551.58,1857.57,-46010.12,5.33
East,Technology,8,34383.78,291.91,40,11676.46,6431.99,-29139.31,9.66
West,Furniture,2,40888.13,340.39,51,17359.64,13483.76,-37012.25,6.73
North,Office Supplies,11,42968.98,165.84,55,9121.02,6286.35,-40134.3,6.46
East,Office Supplies,6,13140.14,400.58,46,18426.83,11535.25,-6248.56,8.8
East,Technology,1,48073.86,445.62,53,23617.77,16596.88,-41052.97,7.42
South,Office Supplies,12,49843.68,71.93,54,3884.36,2097.18,-48056.5,9.05
East,Office Supplies,7,31505.9,469.64,47,22073.04,15379.85,-24812.72,5.25
East,Office Supplies,11,30662.91,109.0,55,5995.17,3635.77,-28303.51,7.5
South,Office Supplies,9,38513.15,209.14,43,8993.0,4848.59,-34368.74,9.18
North,Office Supplies,4,16759.99,212.45,52,11047.62,6478.94,-12191.3,7.0
North,Technology,6,9108.9,162.75,39,6347.3,4266.37,-7027.97,6.66
North,Office Supplies,2,37148.63,184.02,40,7360.61,5098.15,-34886.17,6.93
South,Office Supplies,2,45079.63,300.49,57,17127.81,12416.94,-40368.76,4.32
East,Technology,1,19733.94,86.49,42,3632.46,2235.49,-18336.97,10.0
North,Furniture,6,32693.94,45.38,38,1724.42,1130.23,-32099.74,4.95
West,Furniture,12,5657.4,183.39,52,9536.07,7238.29,-3359.63,5.33
North,Office Supplies,3,30083.22,354.97,53,18813.55,14406.93,-25676.61,5.45
North,Technology,4,49862.72,361.48,45,16266.51,8373.45,-41969.67,7.5
North,Office Supplies,3,45645.06,17.19,43,738.99,448.55,-45354.62,6.66
West,Technology,4,28049.66,341.84,63,21535.75,15960.72,-22474.63,6.7
South,Office Supplies,5,39463.64,347.37,70,24315.87,13111.49,-28259.26,5.89
South,Technology,10,30877.73,107.37,50,5368.74,3372.86,-28881.84,8.94
East,Furniture,11,5306.66,264.09,62,16373.37,12240.13,-1173.42,8.15
East,Technology,12,45364.79,423.83,47,19920.08,10333.13,-35777.84,5.52
West,Furniture,12,31998.55,245.4,51,12515.16,9528.97,-29012.37,6.95
South,Furniture,4,11601.28,346.71,65,22536.14,13510.08,-2575.22,10.0
South,Office Supplies,3,18772.12,36.52,42,1534.01,971.98,-18210.1,7.01
West,Technology,6,34804.12,377.15,46,17349.06,9359.92,-26814.98,8.54
West,Furniture,4,33124.09,320.98,46,14765.24,11632.67,-29991.52,8.31
West,Furniture,7,22252.87,88.3,58,5121.28,2851.32,-19982.91,7.14
East,Technology,3,40687.84,490.71,63,30915.02,19187.94,-28960.75,9.71
South,Office Supplies,1,18690.88,73.93,52,3844.21,2298.2,-17144.87,6.69
South,Office Supplies,8,36283.44,316.67,59,18683.3,14821.03,-32421.17,6.13
North,Furniture,4,29491.58,488.01,47,22936.49,13835.92,-20391.01,2.92
North,Office Supplies,9,11226.72,491.46,44,21624.07,15114.01,-4716.66,8.41
West,Furniture,4,23998.65,393.61,43,16925.09,11756.57,-18830.14,5.2
South,Office Supplies,2,46887.08,332.1,55,18265.24,13766.44,-42388.28,3.53
North,Office Supplies,9,30684.27,241.96,59,14275.58,9509.63,-25918.32,4.28
South,Office Supplies,6,37978.66,438.72,55,24129.34,17172.1,-31021.42,7.16
West,Technology,2,8285.16,373.29,54,20157.88,14610.71,-2737.99,8.14
West,Technology,8,41108.08,173.92,49,8521.88,5561.96,-38148.16,5.78
East,Furniture,7,35221.45,20.7,51,1055.83,783.87,-34949.49,7.97
South,Furniture,10,29227.77,496.11,59,29270.32,20837.88,-20795.33,4.21
South,Technology,11,19664.66,477.25,40,19090.04,14723.01,-15297.64,4.99
South,Office Supplies,9,18111.25,211.61,47,9945.69,7673.99,-15839.55,7.24
North,Office Supplies,9,29166.86,420.8,47,19777.55,15785.16,-25174.47,8.69
East,Furniture,8,10512.4,319.28,40,12771.15,9869.91,-7611.17,5.2
North,Technology,4,43909.36,63.74,42,2676.95,1931.06,-43163.46,6.73
South,Furniture,12,39624.92,467.72,61,28531.15,21867.91,-32961.68,5.35
West,Technology,7,27666.88,439.82,66,29027.85,18393.08,-17032.12,9.46
South,Technology,1,27650.53,399.24,55,21958.09,12005.19,-17697.63,8.13
North,Furniture,6,40690.78,114.15,43,4908.53,3882.08,-39664.34,8.35
East,Office Supplies,9,36768.03,254.33,58,14750.9,10120.19,-32137.32,8.59
West,Furniture,10,39558.65,316.14,53,16755.44,11047.41,-33850.62,8.08
East,Furniture,11,8106.66,170.72,46,7853.15,4765.19,-5018.71,7.81
East,Furniture,2,35996.47,278.21,44,12241.17,9674.48,-33429.78,8.18
West,Technology,11,37069.95,100.61,49,4930.1,3024.45,-35164.31,9.88
South,Office Supplies,9,35774.16,17.55,54,947.57,489.63,-35316.22,4.91
South,Technology,8,11622.35,152.5,40,6099.95,4744.65,-10267.05,7.89
North,Furniture,8,37161.31,123.91,49,6071.52,3183.21,-34273.0,7.55
West,Technology,2,14056.87,445.67,40,17826.69,11598.09,-7828.27,7.91
West,Office Supplies,11,7453.04,160.45,50,8022.58,6111.51,-5541.96,6.96
South,Furniture,12,33090.83,415.55,51,21192.83,13335.75,-25233.75,5.69
West,Office Supplies,3,24516.24,424.99,47,19974.7,15626.16,-20167.71,9.09
West,Technology,6,22777.4,30.38,48,1458.02,926.0,-22245.38,8.07
North,Office Supplies,12,32864.19,242.75,53,12865.52,6868.3,-26866.97,6.4
North,Technology,4,14721.41,483.8,48,23222.36,17866.97,-9366.03,10.0
West,Technology,8,35630.26,335.03,50,16751.61,8646.08,-27524.73,6.95
North,Office Supplies,1,42759.49,277.58,42,11658.23,7928.48,-39029.73,6.85
West,Furniture,4,23823.1,158.16,64,10122.2,6571.09,-20271.99,7.54
North,Office Supplies,8,26304.6,428.0,47,20116.05,10589.9,-16778.46,8.63
West,Office Supplies,11,35617.3,140.69,58,8160.0,6011.52,-33468.83,7.23
West,Technology,9,30188.51,429.68,53,22772.92,17898.06,-25313.65,4.25
South,Furniture,12,13679.18,50.89,51,2595.59,1376.73,-12460.32,7.87
North,Office Supplies,4,12856.54,355.18,52,18469.15,9907.31,-4294.7,7.82
South,Furniture,6,13641.05,335.01,53,17755.5,11486.67,-7372.22,3.91
North,Furniture,5,41232.85,96.96,38,3684.46,2569.89,-40118.27,7.53
South,Furniture,5,41230.26,72.74,48,3491.44,2504.79,-40243.61,7.23
South,Furniture,7,6842.03,29.58,53,1567.87,936.62,-6210.78,7.21
West,Technology,8,13081.99,144.27,49,7069.16,5195.13,-11207.96,6.58
West,Furniture,11,16490.9,414.85,49,20327.57,12617.16,-8780.49,9.43
West,Furniture,7,10308.76,27.35,49,1340.15,775.57,-9744.19,6.22
East,Office Supplies,2,20578.86,328.62,47,15445.35,11822.52,-16956.04,6.87
North,Furniture,7,39496.82,483.31,52,25131.9,14716.28,-29081.2,5.91
East,Furniture,7,16934.38,89.03,39,3472.2,1854.12,-15316.3,10.0
South,Technology,5,12406.97,36.62,46,1684.54,1102.69,-11825.11,7.39
South,Office Supplies,12,48365.83,191.61,52,9963.62,7023.7,-45425.91,6.38
South,Furniture,8,20563.65,22.43,55,1233.73,676.31,-20006.22,4.94
West,Technology,9,10907.96,158.3,56,8864.65,5232.72,-7276.02,7.25
West,Technology,6,26337.11,116.77,52,6071.82,3630.05,-23895.33,5.24
East,Office Supplies,8,14270.26,476.29,47,22385.51,16824.56,-8709.31,6.84
East,Technology,10,6549.41,225.68,38,8575.98,6637.54,-4610.97,8.71
North,Furniture,2,38814.05,470.96,54,25431.87,19873.84,-33256.03,6.42
West,Technology,1,14682.0,315.6,46,14517.44,8313.81,-8478.37,5.49
South,Technology,3,33817.13,426.0,55,23429.98,16309.05,-26696.2,4.44
South,Technology,4,27015.23,71.01,44,3124.24,2428.45,-26319.44,5.86
North,Office Supplies,10,10320.73,477.2,59,28154.97,19770.74,-1936.5,5.54
South,Technology,6,40804.71,43.35,45,1950.93,1125.54,-39979.32,7.06
East,Office Supplies,11,27587.54,455.42,55,25047.85,18518.91,-21058.61,9.16
East,Office Supplies,4,47249.46,151.0,49,7398.91,5229.08,-45079.63,5.57
North,Office Supplies,12,14179.76,414.1,51,21119.1,16716.9,-9777.56,6.73
North,Technology,1,26123.31,429.64,46,19763.42,10646.98,-17006.86,8.48
North,Office Supplies,9,12478.32,169.7,64,10860.87,8650.0,-10267.46,5.93
South,Technology,7,45101.3,232.88,34,7917.78,5670.22,-42853.74,5.73
North,Technology,9,7117.63,14.63,43,628.95,491.05,-6979.73,6.12
East,Office Supplies,3,40257.57,10.2,49,500.0,321.55,-40079.12,8.34
North,Office Supplies,10,26933.28,472.96,34,16080.6,12335.95,-23188.63,6.62
North,Technology,2,19594.8,476.31,58,27626.05,18683.17,-10651.92,6.4
West,Office Supplies,9,24780.33,257.68,45,11595.5,6100.28,-19285.11,8.78
North,Office Supplies,7,22680.92,133.06,47,6253.91,4299.97,-20726.98,7.27
South,Office Supplies,10,48233.58,271.08,49,13283.04,9563.1,-44513.64,7.65
East,Furniture,5,48012.94,122.17,60,7330.44,3787.73,-44470.23,6.22
North,Furniture,10,49562.83,307.61,47,14457.86,7968.29,-43073.26,6.55
North,Technology,12,15784.06,21.03,46,967.5,714.98,-15531.54,8.9
North,Technology,1,15619.85,76.05,43,3270.35,2138.35,-14487.84,5.51
West,Furniture,11,36813.03,328.9,59,19405.19,12322.93,-29730.78,7.32
West,Furniture,12,25605.51,200.27,59,11815.77,9334.7,-23124.44,7.86
East,Furniture,5,28128.0,346.61,58,20103.43,15413.38,-23437.94,6.49
East,Office Supplies,4,15364.37,57.67,57,3287.41,2380.71,-14457.66,6.47
East,Furniture,5,37002.2,8.36,56,468.4,343.72,-36877.52,10.0
North,Office Supplies,9,37219.31,305.63,38,11613.77,6030.2,-31635.74,7.53
South,Technology,10,17522.04,200.73,54,10839.53,6777.06,-13459.58,7.59
South,Furniture,3,8269.95,103.55,47,4866.91,3228.9,-6631.95,6.74
West,Furniture,7,37191.39,139.22,56,7796.06,3915.32,-33310.64,5.29
South,Office Supplies,3,41006.19,124.62,37,4610.98,2674.55,-39069.76,7.04
West,Technology,8,9116.94,374.57,43,16106.45,11124.56,-4135.05,6.07
East,Furniture,6,18684.26,406.76,45,18303.99,13144.2,-13524.47,6.22
West,Office Supplies,7,7365.85,56.69,51,2890.97,1842.67,-6317.55,5.04
West,Technology,3,26349.57,170.22,52,8851.41,5937.45,-23435.61,4.05
South,Furniture,3,7302.45,120.26,50,6013.25,3334.52,-4623.72,3.95
South,Technology,12,10997.79,464.23,59,27389.81,14567.66,1824.36,7.07
South,Furniture,2,45488.44,316.06,49,15487.01,10064.46,-40065.89,5.83
South,Office Supplies,5,6546.96,321.29,38,12208.89,7176.35,-1514.41,8.32
South,Office Supplies,10,24440.48,499.53,44,21979.3,14847.25,-17308.42,10.0
North,Technology,11,45979.92,220.66,41,9046.96,6268.92,-43201.89,4.8
South,Furniture,11,14893.79,225.2,61,13736.92,8462.07,-9618.93,7.69
East,Technology,6,33759.85,173.78,55,9557.69,7572.86,-31775.02,2.43
South,Furniture,11,9129.99,342.07,60,20524.31,13582.11,-2187.79,8.25
East,Furniture,4,6797.66,184.34,58,10691.45,6819.04,-2925.25,5.85
North,Technology,2,25862.99,393.21,65,25558.93,15830.9,-16134.96,6.7
West,Technology,3,26504.03,180.87,54,9766.74,6979.28,-23716.57,7.8
West,Furniture,8,20437.33,335.13,39,13070.2,7082.84,-14449.97,6.99
South,Furniture,11,41956.67,126.1,48,6053.0,4619.27,-40522.94,7.56
West,Technology,5,35224.71,170.28,45,7662.68,3888.77,-31450.81,7.17
South,Office Supplies,2,20407.78,275.51,39,10744.73,7249.79,-16912.85,9.7
West,Technology,6,23051.66,474.16,48,22759.63,14967.5,-15259.52,6.75
North,Technology,9,20732.65,300.19,45,13508.62,9733.89,-16957.92,6.67
East,Office Supplies,5,45190.12,346.26,45,15581.77,9220.42,-38828.77,7.94
East,Furniture,10,13284.56,57.3,57,3265.92,2238.74,-12257.38,9.04
South,Furniture,10,34717.47,405.55,54,21899.78,17193.34,-30011.04,6.29
North,Furniture,9,12492.66,357.55,42,15017.06,9735.73,-7211.33,6.9
South,Technology,1,5659.12,460.97,43,19821.55,11417.49,2744.94,7.26
South,Office Supplies,1,38967.24,158.18,49,7751.01,6163.81,-37380.04,8.38
South,Furniture,7,45776.19,32.45,58,1881.83,1087.11,-44981.47,6.68
West,Office Supplies,2,45814.35,88.53,65,5754.51,3397.9,-43457.74,7.41
West,Office Supplies,6,20105.71,289.42,50,14470.91,7700.94,-13335.73,4.92
North,Technology,5,29524.2,47.96,44,2110.13,1133.95,-28548.02,3.67
South,Furniture,2,35470.59,342.92,53,18174.88,9300.12,-26595.83,8.46
East,Office Supplies,9,24115.25,174.17,43,7489.12,4793.83,-21419.95,6.83
North,Office Supplies,10,35900.54,125.59,57,7158.59,5255.91,-33997.85,6.67
West,Technology,7,14798.69,43.76,51,2231.73,1416.66,-13983.63,8.15
East,Technology,5,44363.46,370.03,44,16281.26,9449.63,-37531.84,7.35
South,Technology,6,37372.47,18.92,47,889.25,483.6,-36966.82,8.08
West,Office Supplies,11,34352.65,205.57,52,10689.77,5399.13,-29062.0,6.63
South,Technology,9,14514.41,136.26,62,8448.09,6239.19,-12305.51,7.65
South,Technology,9,7779.31,368.5,50,18425.16,13533.63,-2887.77,6.02
North,Furniture,2,49162.25,316.69,48,15201.28,12097.99,-46058.95,5.78
East,Office Supplies,9,5833.91,76.09,53,4032.91,2968.02,-4769.02,5.8
North,Furniture,10,36886.26,367.28,42,15425.63,10662.05,-32122.68,5.41
East,Office Supplies,6,31200.69,153.44,59,9052.83,5586.4,-27734.25,5.53
South,Furniture,2,11494.04,51.31,44,2257.72,1627.39,-10863.71,8.25
West,Furniture,8,44688.9,479.75,43,20629.11,14425.97,-38485.76,7.49
West,Furniture,11,25492.77,261.42,55,14377.97,10347.33,-21462.13,7.21
East,Office Supplies,7,31479.41,109.33,44,4810.42,3602.92,-30271.9,4.68
North,Technology,11,25163.85,246.51,43,10599.96,6440.77,-21004.67,6.19
East,Technology,10,24867.68,69.68,45,3135.73,2418.7,-24150.65,8.19
North,Office Supplies,10,46167.9,171.03,66,11287.74,7782.48,-42662.64,9.2
South,Office Supplies,7,25542.9,78.97,63,4975.17,2758.68,-23326.41,6.62
West,Furniture,9,46696.34,356.66,48,17119.62,8992.32,-38569.04,6.83
West,Office Supplies,6,21144.01,317.4,55,17457.16,10333.46,-14020.31,6.73
North,Office Supplies,12,32652.48,446.77,38,16977.34,9753.25,-25428.38,4.23
West,Office Supplies,6,37967.57,343.94,43,14789.38,8642.69,-31820.89,4.83
East,Furniture,1,48452.44,174.08,47,8181.64,5760.49,-46031.29,6.28
East,Furniture,3,34255.1,372.3,29,10796.73,7448.94,-30907.3,7.38
North,Technology,1,23016.05,473.84,48,22744.35,14673.82,-14945.51,8.21
North,Technology,11,8933.76,468.56,43,20148.26,15212.74,-3998.23,7.12
East,Office Supplies,1,21965.35,482.64,45,21718.78,17263.35,-17509.91,6.94
West,Office Supplies,11,11437.79,11.94,51,608.8,426.03,-11255.02,3.95
East,Technology,6,35029.93,67.16,56,3761.14,2245.52,-33514.32,10.0
East,Technology,1,12757.39,436.84,52,22715.44,17915.7,-7957.65,5.81
South,Office Supplies,9,41166.21,409.82,49,20081.27,10838.69,-31923.62,7.05
South,Furniture,4,23809.28,427.38,59,25215.18,13293.85,-11887.96,7.88
North,Furniture,7,9552.45,313.45,47,14732.3,8398.99,-3219.14,6.44
East,Technology,6,19402.55,382.76,57,21817.28,13643.77,-11229.04,5.49
North,Office Supplies,5,9760.84,255.54,50,12776.96,8441.82,-5425.71,6.81
West,Furniture,3,40858.77,173.78,57,9905.37,5117.41,-36070.81,10.0
West,Technology,6,30774.76,122.98,57,7009.68,4207.31,-27972.39,8.98
West,Furniture,10,39792.55,57.6,56,3225.69,2045.75,-38612.61,8.0
East,Furniture,8,8690.48,152.75,54,8248.72,4812.58,-5254.34,5.48
West,Technology,6,25599.41,380.96,43,16381.39,8294.63,-17512.65,9.14
North,Office Supplies,1,47538.82,458.95,52,23865.56,17791.54,-41464.8,6.37
South,Furniture,7,20863.82,362.73,46,16685.5,8976.65,-13154.96,6.96
West,Furniture,8,47469.49,488.36,47,22953.03,15228.13,-39744.58,5.01
South,Technology,10,27209.46,229.52,51,11705.45,6239.26,-21743.28,8.65
North,Office Supplies,4,37739.14,62.0,52,3224.11,1806.19,-36321.22,6.43
North,Furniture,11,8486.76,13.92,39,543.05,423.56,-8367.27,8.75
East,Furniture,11,38317.02,63.41,56,3551.13,1804.83,-36570.73,7.8
South,Office Supplies,9,47578.41,291.99,51,14891.33,7726.7,-40413.78,8.31
East,Furniture,5,11965.37,154.08,44,6779.6,3907.76,-9093.53,8.42
South,Technology,9,49395.63,32.68,41,1340.03,921.61,-48977.21,10.0
East,Technology,2,19346.78,298.78,43,12847.57,10162.88,-16662.09,9.04
West,Furniture,1,5706.32,183.25,38,6963.47,3675.01,-2417.85,6.97
West,Office Supplies,11,33740.27,74.92,62,4644.77,3653.2,-32748.7,6.96
West,Office Supplies,7,45230.32,263.25,45,11846.13,9216.29,-42600.48,4.02
West,Furniture,6,10549.33,203.48,47,9563.57,7086.14,-8071.9,6.74
South,Office Supplies,10,11813.47,400.23,54,21612.66,13184.08,-3384.89,7.4
South,Furniture,4,8168.24,180.69,50,9034.55,4528.01,-3661.7,5.76
West,Office Supplies,10,48743.57,83.78,47,3937.84,2430.46,-47236.2,5.32
South,Furniture,3,38322.93,379.68,52,19743.3,14594.76,-33174.39,7.98
West,Furniture,12,30057.74,446.48,45,20091.47,10742.54,-20708.81,6.35
West,Technology,11,42633.11,111.65,58,6475.94,5144.66,-41301.83,6.84
East,Office Supplies,8,45478.07,470.74,54,25419.72,16162.53,-36220.88,7.87
North,Office Supplies,6,13772.42,414.3,51,21129.28,15088.04,-7731.19,8.95
North,Furniture,8,11372.78,55.74,51,2842.52,1679.6,-10209.85,5.38
South,Office Supplies,8,21727.71,13.77,54,743.49,512.53,-21496.75,8.55
South,Furniture,8,24940.73,191.21,47,8987.07,6674.16,-22627.82,7.58
West,Furniture,9,20398.39,101.26,51,5164.23,2712.83,-17946.99,3.67
South,Office Supplies,9,21199.66,42.98,48,2062.95,1445.3,-20582.01,8.71
South,Technology,1,6690.48,360.0,51,18360.25,10519.27,1150.49,5.27
East,Technology,8,39310.0,450.65,53,23884.69,16757.64,-32182.95,8.74
West,Office Supplies,6,23635.92,350.44,42,14718.6,8016.38,-16933.69,7.77
East,Furniture,10,29324.87,231.81,65,15067.74,7827.24,-22084.37,4.61
North,Office Supplies,2,31196.52,181.6,42,7627.26,5713.28,-29282.54,6.68
West,Technology,9,13671.1,305.16,54,16478.7,11789.37,-8981.76,7.91
South,Office Supplies,6,32024.06,267.38,49,13101.42,8740.95,-27663.59,7.16
North,Office Supplies,5,42493.62,216.26,53,11461.85,7910.12,-38941.9,6.74
South,Furniture,11,19828.87,223.1,59,13162.81,10066.03,-16732.08,5.33
North,Furniture,4,48209.81,331.87,50,16593.31,10356.22,-41972.72,8.56
East,Office Supplies,1,10652.7,158.95,60,9536.91,6872.06,-7987.86,5.74
East,Furniture,10,44934.88,72.97,46,3356.4,1781.82,-43360.29,5.92
North,Furniture,10,13139.35,368.71,44,16223.11,8479.17,-5395.41,9.2
South,Office Supplies,4,29871.68,61.8,40,2471.89,1435.32,-28835.11,7.13
South,Furniture,11,33006.92,218.34,45,9825.25,5058.81,-28240.47,6.36
South,Technology,6,19413.44,453.79,43,19513.12,12131.58,-12031.91,6.83
West,Furniture,1,47668.93,245.94,54,13280.86,8061.25,-42449.33,6.48
South,Office Supplies,1,39485.81,330.69,58,19179.74,15165.1,-35471.17,7.6
North,Technology,8,29303.57,376.06,55,20683.25,12574.11,-21194.43,7.3
West,Office Supplies,6,10057.37,137.91,50,6895.5,3786.34,-6948.21,6.59
East,Furniture,7,14796.49,483.18,41,19810.41,10058.77,-5044.85,6.79
East,Furniture,1,48333.11,305.8,45,13761.2,8033.84,-42605.75,7.92
West,Technology,12,6370.6,49.98,59,2949.05,2135.62,-5557.17,6.67
East,Office Supplies,9,12006.17,116.7,43,5018.27,2790.52,-9778.42,8.55
South,Technology,11,46678.68,9.5,37,351.63,246.42,-46573.47,6.39
North,Office Supplies,7,37155.31,313.59,46,14425.09,11450.33,-34180.55,8.59
South,Furniture,10,24892.98,170.38,50,8519.09,4281.26,-20655.15,8.82
South,Technology,11,29928.65,5.79,45,260.67,176.76,-29844.74,4.77
South,Technology,4,21028.73,350.02,51,17851.09,11176.12,-14353.76,9.49
East,Office Supplies,4,25355.89,88.86,58,5154.12,3158.8,-23360.57,7.01
East,Technology,2,38280.35,47.88,54,2585.35,1657.75,-37352.75,8.2
North,Technology,10,16244.94,181.34,42,7616.44,5216.28,-13844.79,3.36
East,Furniture,12,16339.92,460.77,52,23960.27,16267.06,-8646.71,6.43
West,Office Supplies,9,28547.88,62.79,41,2574.4,2010.53,-27984.01,8.14
South,Technology,5,6635.33,55.41,55,3047.79,1863.36,-5450.9,6.41
South,Office Supplies,8,10095.41,206.15,50,10307.57,7684.38,-7472.21,7.67
East,Furniture,2,36478.75,208.95,41,8566.9,5631.89,-33543.75,6.29
South,Technology,7,16514.26,206.5,54,11151.16,7589.42,-12952.52,6.17
East,Office Supplies,4,37597.39,98.83,60,5929.8,3317.13,-34984.72,7.4
South,Technology,8,24301.35,294.85,50,14742.64,7661.36,-17220.07,7.65
West,Technology,3,20602.34,374.49,60,22469.63,13472.79,-11605.51,9.51
South,Furniture,1,10864.31,176.09,57,10036.87,5208.89,-6036.34,5.0
South,Furniture,6,34494.62,120.43,59,7105.24,5032.21,-32421.59,8.09
South,Furniture,7,18382.7,342.45,43,14725.51,10910.3,-14567.48,4.56
West,Furniture,10,34783.71,180.99,57,10316.27,6925.97,-31393.41,6.04
East,Office Supplies,4,15224.35,206.17,58,11957.92,6937.38,-10203.81,5.82
North,Technology,9,24740.05,113.05,41,4634.85,2531.51,-22636.7,5.89
West,Furniture,7,26087.08,297.69,55,16373.17,11011.31,-20725.21,8.69
East,Furniture,11,47005.48,175.58,42,7374.16,5774.94,-45406.26,7.24
South,Technology,11,24885.85,75.71,56,4239.69,2932.97,-23579.13,7.67
South,Technology,9,8333.37,496.45,48,23829.69,15903.07,-406.75,8.0
North,Office Supplies,7,12839.48,481.63,42,20228.52,15668.0,-8278.96,5.91
North,Office Supplies,12,12382.86,146.17,60,8770.04,4681.91,-8294.73,6.91
West,Furniture,6,32153.19,404.36,42,16982.92,10084.69,-25254.97,5.42
North,Office Supplies,5,27641.01,161.39,64,10328.85,7800.08,-25112.24,7.39
South,Office Supplies,10,18657.68,202.25,46,9303.36,5448.74,-14803.05,6.93
East,Technology,1,9440.84,292.0,53,15476.19,10223.94,-4188.59,7.17
West,Office Supplies,1,38276.36,216.03,46,9937.27,7276.05,-35615.14,6.83
North,Technology,4,29096.18,468.2,52,24346.19,18017.29,-22767.28,9.16
South,Office Supplies,10,48459.67,111.56,57,6358.82,3586.76,-45687.62,5.64
West,Furniture,5,19543.74,467.9,47,21991.46,11695.67,-9247.94,9.53
East,Technology,11,48561.0,457.8,42,19227.64,10106.48,-39439.84,5.0
North,Furniture,4,15204.14,466.09,61,28431.35,14381.16,-1153.94,3.73
East,Technology,11,38096.53,496.08,53,26292.08,14929.84,-26734.29,7.3
South,Technology,4,18651.39,199.46,42,8377.12,6596.1,-16870.36,7.36
East,Technology,5,20133.86,167.66,45,7544.66,4181.18,-16770.39,9.83
North,Technology,1,14264.93,164.23,49,8047.5,6273.18,-12490.61,6.8
South,Technology,1,11722.97,257.44,49,12614.69,9826.86,-8935.15,6.74
South,Office Supplies,10,10193.13,401.76,51,20489.86,14428.35,-4131.62,3.39
West,Office Supplies,3,16812.96,30.91,44,1360.12,1027.5,-16480.34,3.09
North,Office Supplies,4,14691.17,149.47,42,6277.92,4854.4,-13267.65,6.21
West,Furniture,12,43971.04,90.22,58,5232.96,3479.02,-42217.1,5.25
North,Technology,10,19425.35,51.29,48,2462.04,1930.94,-18894.25,9.32
North,Technology,10,30620.06,194.45,56,10889.25,7381.77,-27112.57,6.76
East,Technology,1,44700.58,77.77,57,4433.03,3424.56,-43692.11,7.02
West,Office Supplies,12,44939.39,322.43,48,15476.47,9479.8,-38942.71,3.98
South,Office Supplies,12,33894.96,152.58,47,7171.47,4598.67,-31322.16,7.15
West,Furniture,6,33918.26,425.67,45,19155.24,11755.61,-26518.62,5.65
East,Furniture,6,29147.34,467.74,46,21515.9,13796.25,-21427.69,6.46
West,Furniture,4,41099.14,177.64,54,9592.39,7375.44,-38882.19,5.42
South,Technology,7,32967.83,24.21,43,1040.85,759.85,-32686.83,3.6
North,Technology,3,42614.98,55.13,54,2977.11,1502.4,-41140.26,7.55
East,Office Supplies,11,43954.03,124.47,38,4729.79,3425.76,-42650.0,5.29
South,Technology,2,48181.65,397.37,52,20663.13,10579.95,-38098.47,6.96
West,Office Supplies,9,17792.97,294.96,52,15337.93,11516.27,-13971.31,7.18
South,Furniture,12,11915.79,432.17,45,19447.52,12674.57,-5142.83,7.34
West,Technology,1,11097.25,226.55,58,13139.73,8413.69,-6371.21,6.23
North,Furniture,2,44952.71,230.29,51,11744.61,7493.47,-40701.57,9.99
East,Office Supplies,3,22464.44,124.94,63,7870.92,3967.12,-18560.65,5.58
East,Furniture,5,27666.13,95.4,51,4865.37,3245.26,-26046.02,5.74
West,Office Supplies,12,18395.54,21.31,52,1108.08,648.12,-17935.58,8.83
South,Technology,11,9092.1,462.0,54,24947.77,15143.72,711.96,8.74
South,Office Supplies,6,17394.35,484.03,46,22265.44,15568.67,-10697.57,7.48
South,Technology,7,37579.51,109.96,39,4288.53,2348.12,-35639.11,5.99
East,Technology,7,36165.78,288.09,61,17573.45,11602.18,-30194.51,8.53
West,Office Supplies,10,8709.5,384.0,37,14207.92,7838.58,-2340.15,7.48
West,Furniture,7,39378.34,7.51,62,465.87,370.48,-39282.95,7.29
North,Technology,10,47559.94,70.62,56,3954.95,3085.17,-46690.16,8.43
South,Furniture,5,32801.59,386.14,60,23168.22,17302.67,-26936.05,8.24
East,Furniture,6,19149.53,292.58,55,16091.87,11083.53,-14141.19,8.61
East,Technology,8,10941.58,379.34,45,17070.1,12723.29,-6594.77,8.52
East,Office Supplies,5,38737.66,52.93,56,2963.82,1927.76,-37701.6,6.27
North,Office Supplies,4,15264.52,461.5,52,23998.03,15612.65,-6879.14,4.85
South,Office Supplies,11,26888.23,254.94,42,10707.55,7094.05,-23274.73,7.54
West,Furniture,2,38043.95,319.79,59,18867.62,14613.44,-33789.77,6.25
East,Furniture,5,16374.46,206.29,47,9695.4,6174.95,-12854.02,6.2
West,Furniture,6,40173.6,56.24,40,2249.56,1132.43,-39056.46,5.86
East,Technology,11,29334.09,484.15,45,21786.53,14464.45,-22012.01,4.16
East,Technology,7,7073.11,274.22,47,12888.32,8814.98,-2999.77,8.26
East,Furniture,10,38915.62,484.22,56,27116.07,18438.0,-30237.55,8.35
South,Office Supplies,7,43824.68,85.64,62,5309.48,4094.6,-42609.8,7.81
South,Office Supplies,1,7272.84,26.72,55,1469.66,847.83,-6651.0,7.85
North,Furniture,8,38518.94,44.43,34,1510.58,957.24,-37965.6,5.45
South,Technology,10,48376.22,322.58,59,19032.33,10056.06,-39399.94,7.87
South,Technology,10,9705.33,441.1,50,22054.85,16695.16,-4345.64,9.12
West,Technology,8,42910.88,362.57,38,13777.85,8925.76,-38058.8,6.93
North,Furniture,2,41072.88,317.06,45,14267.55,10001.43,-36806.75,5.15
West,Furniture,3,37125.54,242.61,48,11645.24,7366.25,-32846.55,5.87
West,Furniture,8,49520.73,24.45,53,1295.82,1016.8,-49241.7,8.3
South,Technology,9,23120.2,107.88,57,6149.31,4295.15,-21266.05,6.5
East,Technology,11,47398.35,261.65,47,12297.74,6332.53,-41433.13,6.68
East,Office Supplies,9,29012.76,472.3,48,22670.42,14663.16,-21005.5,4.38
North,Furniture,6,35398.96,389.78,51,19878.76,10019.99,-25540.19,7.14
West,Technology,10,8419.71,341.0,42,14322.01,10194.36,-4292.06,5.83
West,Office Supplies,5,13754.66,367.18,42,15421.62,10091.92,-8424.96,5.66
West,Office Supplies,2,28362.34,152.54,48,7321.85,4238.67,-25279.16,6.36
North,Office Supplies,7,9015.0,218.34,51,11135.17,6654.66,-4534.49,5.43
North,Furniture,11,17881.66,214.79,53,11383.61,8458.91,-14956.95,4.35
East,Office Supplies,1,45276.52,344.58,44,15161.61,10722.06,-40836.97,7.44
East,Furniture,6,27699.11,294.61,50,14730.68,8835.76,-21804.2,4.08
North,Technology,3,26836.5,273.99,46,12603.35,6626.5,-20859.65,5.66
South,Office Supplies,5,13460.71,328.3,41,13460.41,8858.9,-8859.19,7.51
North,Office Supplies,5,24424.71,409.69,58,23762.3,18017.6,-18680.01,7.97
North,Technology,4,10733.36,321.44,37,11893.1,8247.0,-7087.26,8.91
North,Technology,7,12569.5,417.62,43,17957.62,11449.69,-6061.57,5.53
South,Office Supplies,9,9229.59,148.91,58,8636.64,4422.28,-5015.24,7.19
South,Technology,12,34285.47,309.01,46,14214.62,7270.91,-27341.76,8.36
West,Office Supplies,9,31215.6,350.92,59,20704.44,13732.32,-24243.48,7.04
East,Office Supplies,1,44497.08,407.51,63,25673.08,18176.92,-37000.92,6.92
East,Furniture,12,43750.11,43.78,43,1882.43,1247.79,-43115.47,7.24
South,Technology,4,16412.7,442.45,51,22564.85,12801.28,-6649.14,5.41
North,Office Supplies,8,10078.62,306.69,57,17481.13,9995.07,-2592.55,7.15
East,Furniture,3,37552.76,140.65,58,8157.73,4745.13,-34140.15,3.53
North,Office Supplies,9,15106.21,252.6,58,14650.68,10793.34,-11248.86,5.35
North,Technology,9,44370.38,387.03,48,18577.56,14646.56,-40439.37,4.42
North,Technology,6,47381.74,303.85,39,11850.28,7704.75,-43236.21,7.15
North,Technology,9,13488.45,256.41,51,13076.87,9423.93,-9835.51,8.74
East,Technology,7,37427.73,252.65,60,15159.06,7830.37,-30099.04,8.03
South,Technology,10,18411.77,208.99,50,10449.39,7526.5,-15488.88,3.77
East,Technology,6,5057.8,64.48,51,3288.42,2056.03,-3825.41,7.25
North,Furniture,9,42799.92,363.83,60,21829.91,17399.89,-38369.91,9.62
North,Office Supplies,10,49884.03,144.13,54,7783.1,5246.35,-47347.27,6.57
North,Office Supplies,6,41258.61,303.24,46,13949.18,10492.31,-37801.74,7.96
South,Office Supplies,4,33734.47,30.05,43,1291.95,681.74,-33124.25,5.72
South,Furniture,8,45035.93,223.02,61,13603.92,8796.04,-40228.06,8.93
North,Furniture,3,42704.3,441.98,62,27402.57,14759.69,-30061.41,8.42
North,Technology,2,21009.83,110.38,56,6181.43,3313.04,-18141.44,7.21
North,Technology,4,31631.36,40.75,41,1670.89,1242.64,-31203.1,8.23
West,Technology,9,33902.52,23.99,52,1247.43,810.96,-33466.05,8.23
North,Furniture,9,6415.07,364.62,58,21147.72,15426.49,-693.84,6.21
West,Office Supplies,2,28293.34,291.05,37,10768.82,8413.3,-25937.83,5.56
East,Office Supplies,8,38282.98,252.13,45,11345.64,7785.89,-34723.23,7.8
West,Technology,3,44711.16,293.29,41,12024.72,9059.87,-41746.31,9.52
West,Technology,4,37006.96,54.49,54,2942.61,1771.64,-35836.0,6.99
East,Office Supplies,9,6504.19,186.54,44,8207.86,4282.15,-2578.48,6.67
North,Office Supplies,11,36286.63,75.36,53,3994.07,2485.17,-34777.73,8.12
South,Office Supplies,11,36839.09,234.03,57,13339.74,10510.09,-34009.45,7.18
North,Furniture,2,8940.86,318.76,62,19762.85,13825.73,-3003.74,7.27
North,Furniture,8,49538.15,191.81,49,9398.54,4737.99,-44877.6,5.9
South,Technology,4,12122.74,345.62,41,14170.35,8136.07,-6088.46,5.73
North,Furniture,6,30176.39,12.19,38,463.39,361.85,-30074.85,8.32
North,Technology,7,33111.53,144.86,47,6808.31,4872.76,-31175.97,9.8
North,Technology,5,20039.69,17.74,47,833.9,641.42,-19847.22,7.05
North,Furniture,2,33461.25,147.71,53,7828.44,4603.83,-30236.63,8.61
North,Technology,5,31164.12,276.72,44,12175.75,8470.42,-27458.79,6.54
West,Technology,3,11610.24,428.63,54,23146.15,13443.46,-1907.56,6.68
South,Technology,12,22155.35,495.4,44,21797.72,16420.67,-16778.3,9.09
South,Technology,7,7543.21,56.18,49,2752.84,1802.52,-6592.88,7.22
West,Furniture,1,29344.38,359.06,51,18311.92,14262.69,-25295.16,8.31
East,Technology,12,30231.25,52.05,43,2238.28,1257.6,-29250.57,10.0
South,Technology,9,30574.36,222.56,37,8234.58,6144.82,-28484.6,5.59
West,Office Supplies,6,27230.53,63.64,54,3436.48,2023.15,-25817.19,2.93
West,Office Supplies,8,11136.7,102.36,35,3582.63,1801.2,-9355.27,6.78
West,Technology,6,21859.21,95.55,46,4395.44,3221.62,-20685.4,5.79
North,Furniture,2,24608.05,116.02,48,5568.74,4031.77,-23071.08,8.75
South,Technology,8,44951.79,56.81,57,3238.0,2001.81,-43715.61,5.66
West,Technology,9,17385.62,42.23,54,2280.15,1753.32,-16858.8,4.54
South,Technology,12,16596.3,443.04,52,23038.01,13379.0,-6937.29,6.32
East,Office Supplies,8,23581.0,271.06,34,9216.02,5284.83,-19649.82,8.93
North,Furniture,7,26277.15,323.57,40,12942.81,10245.34,-23579.68,6.92
North,Office Supplies,1,9761.02,316.13,39,12329.04,8857.86,-6289.84,6.81
East,Technology,12,20174.09,134.94,40,5397.67,3646.55,-18422.97,6.42
East,Furniture,6,45556.66,86.14,47,4048.6,2783.35,-44291.41,3.69
South,Furniture,7,34857.59,176.14,42,7397.73,5237.51,-32697.38,7.86
West,Furniture,12,49988.36,125.81,56,7045.45,4074.9,-47017.81,7.75
East,Technology,12,6393.68,141.07,53,7476.89,5770.32,-4687.11,5.19
North,Technology,5,5826.72,138.91,57,7917.77,5749.36,-3658.32,7.09
East,Furniture,3,18395.32,331.58,41,13594.9,10522.32,-15322.73,8.71
South,Furniture,3,14428.37,230.39,61,14053.65,10063.54,-10438.26,10.0
South,Office Supplies,1,46515.76,286.39,47,13460.51,7769.53,-40824.79,6.9
North,Furniture,4,42936.66,202.42,50,10120.83,5972.78,-38788.61,7.04
South,Office Supplies,6,25534.67,447.58,50,22378.76,16569.36,-19725.27,4.86
South,Furniture,5,5480.25,389.4,57,22195.57,15165.62,1549.7,6.29
East,Furniture,9,9917.58,398.22,39,15530.59,11749.4,-6136.39,7.21
North,Technology,10,6844.02,354.01,49,17346.31,12355.03,-1852.74,6.93
East,Technology,8,36994.46,222.33,40,8893.02,6878.68,-34980.11,8.79
East,Furniture,8,15551.78,242.92,51,12388.96,7150.11,-10312.93,8.0
South,Office Supplies,11,47212.42,80.8,57,4605.7,2635.67,-45242.4,7.59
South,Technology,7,17712.44,279.8,55,15389.22,11992.94,-14316.16,5.98
North,Office Supplies,11,11383.0,110.83,39,4322.43,3018.0,-10078.57,6.74
South,Technology,6,11052.05,163.49,62,10136.52,7343.6,-8259.14,8.65
East,Technology,4,41730.25,494.19,48,23721.11,17561.96,-35571.1,5.1
South,Furniture,10,39668.53,252.31,53,13372.49,7811.39,-34107.43,7.66
East,Technology,12,42206.32,299.5,40,11980.08,9005.02,-39231.26,7.03
West,Furniture,6,48690.71,189.93,54,10256.48,6347.47,-44781.7,6.23
North,Technology,6,23186.68,438.31,48,21038.82,10747.94,-12895.8,9.68
South,Office Supplies,11,46448.13,163.86,44,7209.97,5386.86,-44625.02,7.66
West,Office Supplies,8,36794.74,252.28,59,14884.32,10469.16,-32379.58,5.9
North,Office Supplies,1,26642.37,191.27,47,8989.89,6343.82,-23996.3,10.0
East,Technology,11,32870.67,327.18,43,14068.69,9817.2,-28619.18,6.47
West,Technology,7,18262.17,5.9,44,259.47,206.87,-18209.57,6.56
West,Office Supplies,1,47125.65,262.48,47,12336.53,7630.11,-42419.23,5.35
North,Furniture,8,35478.68,148.34,52,7713.86,4299.6,-32064.42,6.07
East,Technology,2,9991.41,206.09,56,11541.22,9048.93,-7499.11,8.59
West,Office Supplies,8,46694.65,449.57,55,24726.42,13150.44,-35118.67,6.86
East,Furniture,12,37697.2,464.72,57,26489.1,15224.9,-26433.01,5.5
North,Furniture,11,10661.11,296.72,50,14835.96,9429.15,-5254.3,6.28
North,Technology,5,36623.22,397.39,53,21061.57,15018.0,-30579.65,4.38
North,Office Supplies,5,35051.28,25.1,48,1204.56,892.46,-34739.18,5.62
South,Furniture,10,33023.36,209.36,59,12351.97,9811.28,-30482.67,8.9
West,Furniture,11,39128.17,15.88,57,905.35,631.15,-38853.97,7.74
West,Technology,9,36321.41,174.53,40,6981.01,4723.92,-34064.32,9.54
East,Office Supplies,1,22913.92,18.09,59,1067.38,721.91,-22568.45,7.22
East,Technology,12,45648.55,337.78,61,20604.46,13003.2,-38047.29,6.79
North,Technology,12,42864.79,310.76,53,16470.22,12328.93,-38723.5,7.15
East,Furniture,9,28116.67,123.93,40,4957.2,3615.17,-26774.64,7.75
East,Furniture,10,6312.68,304.53,48,14617.21,11110.29,-2805.75,8.89
East,Furniture,12,7665.05,57.17,43,2458.37,1630.05,-6836.73,5.6
North,Technology,4,45662.8,59.94,42,2517.58,1354.49,-44499.72,8.02
South,Furniture,4,47343.46,245.75,49,12041.96,8989.0,-44290.5,5.06
East,Furniture,5,44591.47,27.32,39,1065.44,840.3,-44366.33,7.33
West,Technology,10,29678.04,102.67,46,4722.84,3113.57,-28068.77,6.57
West,Furniture,5,28270.44,382.99,49,18766.37,12864.42,-22368.49,7.37
South,Office Supplies,1,26422.64,346.18,52,18001.14,11532.35,-19953.86,5.44
West,Office Supplies,7,24054.75,259.89,42,10915.34,8249.4,-21388.8,5.56
South,Office Supplies,12,35187.2,353.03,45,15886.42,12500.6,-31801.39,5.92
West,Office Supplies,4,31537.81,227.71,50,11385.34,7685.1,-27837.57,7.82
South,Furniture,7,42462.44,426.14,48,20454.5,10236.97,-32244.92,3.81
West,Office Supplies,3,25348.23,71.09,51,3625.6,1975.8,-23698.43,7.48
North,Furniture,12,15262.78,10.71,41,438.92,234.85,-15058.71,6.59
East,Technology,8,16981.06,251.12,48,12053.53,7233.86,-12161.39,6.49
East,Office Supplies,4,23626.67,138.68,43,5963.19,3726.19,-21389.67,7.83
South,Furniture,8,18937.77,124.77,45,5614.67,3878.98,-17202.08,5.6
East,Office Supplies,9,46034.26,370.78,43,15943.46,8946.4,-39037.2,8.28
West,Technology,6,41159.38,497.82,44,21904.26,14370.38,-33625.5,8.67
